{
  "feat_cols": [
    "ret1",
    "rv5",
    "rv10",
    "rv20",
    "rv60",
    "mom5",
    "mom10",
    "mom20",
    "mom60",
    "vz10",
    "vz20",
    "vz60",
    "atr14"
  ],
  "seq_len": 60,
  "horizon": 1,
  "scaler_mu": [
    0.001085642259567976,
    0.031980402767658234,
    0.03359189257025719,
    0.03480546921491623,
    0.0359102226793766,
    0.0018790278118103743,
    0.004420317243784666,
    0.009158305823802948,
    0.027543695643544197,
    -0.012390860356390476,
    -0.00419106287881732,
    -0.008317257277667522,
    440.7493591308594
  ],
  "scaler_sd": [
    0.040478236973285675,
    0.025008907541632652,
    0.022467035800218582,
    0.021044746041297913,
    0.01987616717815399,
    0.035301096737384796,
    0.05703778564929962,
    0.08770737051963806,
    0.16434352099895477,
    1.0021048784255981,
    1.0523573160171509,
    1.045263409614563,
    1004.950927734375
  ]
}