{
  "seq_len": 240,
  "horizon": 72,
  "min_bps": 150,
  "feat_cols": [
    "rsi14",
    "vz40",
    "body_size",
    "rv8",
    "rv20",
    "macd",
    "hl_spread",
    "vol_spike",
    "mom40",
    "dow_cos",
    "dow_sin",
    "hod_sin",
    "atr14",
    "rv40",
    "hod_cos"
  ],
  "scaler_mu": [
    0.003563336156474826,
    -0.0023114356621617917,
    0.0015080258507114287,
    0.0019775812647802675,
    0.002061498901840447,
    -5.3789349814256334e-05,
    0.0027407301123729103,
    3.065901222149251,
    -0.00011118322038224043,
    0.00987312156866858,
    -0.01665788900204921,
    -0.001784698290191196,
    0.0005805636744307293,
    0.0021176439615198535,
    0.0017255548310508323
  ],
  "scaler_sd": [
    0.31170227665869454,
    1.0064420835284655,
    0.0017950590639226264,
    0.0016317426010294207,
    0.0015885813273776586,
    0.0024307538956546072,
    0.002782583815566049,
    15.669123520096925,
    0.006573222510780851,
    0.7061528973072578,
    0.7077945677299312,
    0.706907873387748,
    0.0006734454103147075,
    0.0015979239153729233,
    0.7073012965767368
  ]
}