{
  "HUSDT": {
    "entry_time": "2025-11-08T13:56:26.052188",
    "entry_price": 0.210506,
    "stop_loss": 0.20629588,
    "take_profit": 0.21682118,
    "direction": "Long",
    "leverage": 20
  }
}