{
  "feat_cols": [
    "ret1",
    "rv24h",
    "rv72h",
    "rv168h",
    "rv336h",
    "vol_of_vol",
    "mom12h",
    "mom24h",
    "mom72h",
    "mom168h",
    "vol_z24h",
    "vol_z72h",
    "vol_z168h",
    "atr24",
    "hour_sin",
    "hour_cos",
    "parkinson_vol",
    "price_norm"
  ],
  "seq_len": 60,
  "horizon": 4,
  "scaler_mu": [
    4.9360980483470485e-05,
    0.6302846670150757,
    0.6581673622131348,
    0.677990734577179,
    0.6923529505729675,
    0.24008482694625854,
    0.000988865620456636,
    0.0019789310172200203,
    0.005837260279804468,
    0.014084061607718468,
    0.0015522717731073499,
    0.014351926743984222,
    0.0049412427470088005,
    78.53855895996094,
    -6.092919502265204e-10,
    -6.092919502265204e-10,
    0.5954318642616272,
    1.021454095840454
  ],
  "scaler_sd": [
    0.00837631244212389,
    0.4673779606819153,
    0.4262116551399231,
    0.3937132954597473,
    0.36730730533599854,
    0.20000235736370087,
    0.028257953003048897,
    0.040438078343868256,
    0.07111908495426178,
    0.1173490658402443,
    1.042084813117981,
    1.0728387832641602,
    1.0624889135360718,
    196.21658325195312,
    0.7071067690849304,
    0.7071067690849304,
    0.6234010457992554,
    0.1402086317539215
  ]
}