{
  "BTCUSDT": {
    "side": "Buy",
    "tp": 111875.09249999998,
    "sl": 109868.01994500001,
    "avg": 111318.5,
    "qty": 0.151,
    "oid": "5f4579cd-c775-418a-915d-7ea657a0c534",
    "timestamp": 1761452584
  }
}