{
  "BTCUSDT": {
    "side": "Buy",
    "limit": 106895.46785714285,
    "tp": 107109.90010622238,
    "tp_bps": 20.059994439249884,
    "close": 109426.9,
    "atr": 5062.864285714289,
    "atr_ratio": 0.04626709050255731
  },
  "ETHUSDT": {
    "side": "Buy",
    "limit": 3777.969642857143,
    "tp": 4481.411781785533,
    "tp_bps": 1861.9581559062026,
    "close": 3930.11,
    "atr": 304.2807142857143,
    "atr_ratio": 0.0774229510842481
  },
  "SOLUSDT": {
    "side": "Buy",
    "limit": 176.45035714285714,
    "tp": 177.9770454182075,
    "tp_bps": 86.52225476167841,
    "close": 185.97,
    "atr": 19.03928571428571,
    "atr_ratio": 0.10237826377526328
  },
  "BNBUSDT": {
    "side": "Buy",
    "limit": 1019.2071428571428,
    "tp": 1078.4310272426958,
    "tp_bps": 581.0779957794509,
    "close": 1079.8,
    "atr": 121.18571428571423,
    "atr_ratio": 0.11222977800121711
  },
  "DOGEUSDT": {
    "side": "Buy",
    "limit": 0.18313,
    "tp": 0.20148626446101428,
    "tp_bps": 1002.3624999188718,
    "close": 0.19662,
    "atr": 0.026979999999999997,
    "atr_ratio": 0.13721900111890956
  }
}