{
  "BTCUSDT": {
    "side": "Sell",
    "limit": 110363.15357142856,
    "tp": 73421.68329495825,
    "tp_bps": 3347.2648326020594,
    "close": 109999.9,
    "atr": 726.5071428571433,
    "atr_ratio": 0.006604616393807116
  },
  "ETHUSDT": {
    "side": "Buy",
    "limit": 4007.908928571429,
    "tp": 4691.674256899097,
    "tp_bps": 1706.0400835290125,
    "close": 4028.17,
    "atr": 40.52214285714289,
    "atr_ratio": 0.010059690345030842
  },
  "SOLUSDT": {
    "side": "Buy",
    "limit": 189.66500000000002,
    "tp": 209.44808278050917,
    "tp_bps": 1043.053951994788,
    "close": 190.83,
    "atr": 2.3300000000000023,
    "atr_ratio": 0.012209820258869162
  },
  "BNBUSDT": {
    "side": "Sell",
    "limit": 1130.3964285714285,
    "tp": 1096.2008124719887,
    "tp_bps": 302.5099446099233,
    "close": 1124.8,
    "atr": 11.192857142857147,
    "atr_ratio": 0.009950975411501731
  },
  "DOGEUSDT": {
    "side": "Sell",
    "limit": 0.20083428571428572,
    "tp": 0.1882378433727067,
    "tp_bps": 627.2057729973058,
    "close": 0.19974,
    "atr": 0.0021885714285714286,
    "atr_ratio": 0.01095710137464418
  }
}