{
  "BTCUSDT": {
    "side": "Sell",
    "limit": 108002.11785714286,
    "tp": 108002.11785714286,
    "tp_bps": 0.0,
    "close": 107612.8,
    "atr": 778.6357142857149,
    "atr_ratio": 0.007235530664435039
  },
  "ETHUSDT": {
    "side": "Sell",
    "limit": 3862.2617857142855,
    "tp": 3862.2617857142855,
    "tp_bps": 0.0,
    "close": 3843.2,
    "atr": 38.12357142857143,
    "atr_ratio": 0.009919746937076247
  },
  "SOLUSDT": {
    "side": "Sell",
    "limit": 184.40214285714288,
    "tp": 184.40214285714288,
    "tp_bps": 0.0,
    "close": 183.3,
    "atr": 2.204285714285711,
    "atr_ratio": 0.012025563089392859
  },
  "BNBUSDT": {
    "side": "Sell",
    "limit": 1067.85,
    "tp": 1067.85,
    "tp_bps": 0.0,
    "close": 1062.3,
    "atr": 11.099999999999975,
    "atr_ratio": 0.010449025698955073
  },
  "DOGEUSDT": {
    "side": "Sell",
    "limit": 0.19392357142857142,
    "tp": 0.19392357142857142,
    "tp_bps": 0.0,
    "close": 0.19276,
    "atr": 0.002327142857142857,
    "atr_ratio": 0.012072747754424452
  }
}