{
  "feat_cols": [
    "ret1",
    "rv5",
    "rv10",
    "rv20",
    "rv60",
    "mom5",
    "mom10",
    "mom20",
    "mom60",
    "vz10",
    "vz20",
    "vz60",
    "atr14"
  ],
  "seq_len": 60,
  "horizon": 1,
  "scaler_mu": [
    0.0004146352002862841,
    0.03624258562922478,
    0.038024719804525375,
    0.03938058763742447,
    0.04123551771044731,
    0.0005249050445854664,
    0.0016001616604626179,
    0.0037230062298476696,
    0.010147880762815475,
    -0.010139773599803448,
    0.015592091716825962,
    0.0745927095413208,
    345.31414794921875
  ],
  "scaler_sd": [
    0.044330623000860214,
    0.02579433098435402,
    0.022838573902845383,
    0.020527152344584465,
    0.017329266294836998,
    0.038907282054424286,
    0.06301514804363251,
    0.0973561480641365,
    0.18324294686317444,
    1.0097905397415161,
    1.075546145439148,
    1.146139144897461,
    852.4456787109375
  ]
}