{
  "seq_len": 1440,
  "horizon": 72,
  "min_bps": 150,
  "feat_cols": [
    "ret1",
    "ret4",
    "ret8",
    "ret2",
    "rsi14",
    "ret12",
    "dow_cos",
    "vol_spike",
    "vz20",
    "mom8",
    "close_pos",
    "body_size",
    "rv8",
    "vz40",
    "macd",
    "mom40",
    "rv20",
    "mom20",
    "dow_sin",
    "hl_spread",
    "hod_cos",
    "rv40",
    "hod_sin",
    "atr14"
  ],
  "scaler_mu": [
    6.532543920911849e-05,
    0.00020506701548583806,
    0.00035511996247805655,
    0.00011029162851627916,
    0.006296209059655666,
    0.0005208076909184456,
    0.011837749741971493,
    0.46419867873191833,
    -0.006840983871370554,
    0.0001568583829794079,
    0.505466878414154,
    0.003965899348258972,
    0.0051781246438622475,
    -0.0019217021763324738,
    0.00014814009773544967,
    0.0007266488391906023,
    0.0054166922345757484,
    0.0003857977280858904,
    -0.02076970599591732,
    0.008058598265051842,
    0.0002774859603960067,
    0.005550761707127094,
    -0.005411191377788782,
    0.010927986353635788
  ],
  "scaler_sd": [
    0.005588987376540899,
    0.011351289227604866,
    0.01649186760187149,
    0.007964682765305042,
    0.3180367946624756,
    0.020346643403172493,
    0.7118528485298157,
    1.6284024715423584,
    1.0103340148925781,
    0.007009228691458702,
    0.3069938123226166,
    0.004420827142894268,
    0.004045253153890371,
    1.0092955827713013,
    0.00682072201743722,
    0.01847217231988907,
    0.003917187452316284,
    0.012386588379740715,
    0.7019216418266296,
    0.007187035400420427,
    0.7081670165061951,
    0.0038230624049901962,
    0.7060242295265198,
    0.013588937930762768
  ]
}